Name,Path,Position,Is Active,Url Key,Description,Image,Page Title,Meta Keywords,Meta Description,Include In Menu,Display Mode,CMS Block,Is Anchor,Availabe Sort By,Default Sort By,Page Layout,Custom Layout Update
Corvette GIfts,Default,28,Yes,default-corvette-gifts,"<p>Looking for Corvette Gifts? Zip is your one-stop-shop for a Corvette Christmas, Fathers Day/Mothers Day, Birthday; or just because!</p>
<p>Zip has a wide inventory of Corvette gifts for fans of every generation - and every budget.</p>
<p>Shop: <a title=""Corvette Gifts Under $25"" href=""https://www.zip-corvette.com/gift-ideas/gifts-under-25.html"">Corvette Gifts Under $25</a>&nbsp;| <a title=""Corvette Gifts $25 - $50"" href=""https://www.zip-corvette.com/gift-ideas/gifts-over-25-under-50.html"">Corvette Gifts $25 - $50</a>&nbsp;| <a title=""Corvette Gifts Over $50"" href=""https://www.zip-corvette.com/gift-ideas/gifts-over-50.html"">Corvette Gifts Over $50</a></p>
<p>If you only need a little something, we\'ve got you covered with everything from <a title=""Corvette Mugs"" href=""https://www.zip-corvette.com/corvette-gifts/man-cave/mugs-cups.html"">Corvette Travel Mugs</a> to <a title=""Corvette Lapel Pins"" href=""https://www.zip-corvette.com/catalogsearch/result/?order=relevance&amp;dir=desc&amp;cat=All+Categories&amp;q=Lapel+Pins"">Lapel Pins</a>. If you\'re looking for a showstopper, we recommend you consider a new <a title=""Corvette Car Cover"" href=""https://www.zip-corvette.com/corvette-gifts/car-covers.html"">Corvette Car Cover</a> or Color Matched <a title=""Corvette License Plate Frame"" href=""https://www.zip-corvette.com/corvette-gifts/popular-corvette-bolt-ons/license-plate-frames.html"">License Plate Frame</a>.&nbsp;It\'s always a great time to splurge on <a title=""Corvette Sunglasses"" href=""https://www.zip-corvette.com/corvette-brands/corvette-eyewear.html"">Corvette Sunglasses</a> by Corvette Eyewear!</p>
<p>Looking to treat yourself? <a title=""Corvette Clocks"" href=""https://www.zip-corvette.com/corvette-gifts/man-cave/neon-clocks.html"">Corvette Clocks</a> are a unique addition to your garage or home office. While you\'re at it, consider a <a title=""Corvette Table and Chairs"" href=""https://www.zip-corvette.com/corvette-gifts/man-cave/stools-tables.html"">Corvette Table and/or Stools</a> to complete the look.</p>
<p>Whatever the occasion, give them what they really want - Corvette Stuff!</p>",,"Corvette Gifts - Shirts, Hats, Gift Cards and more",,"Our wide selection of Corvette Gifts includes everything a Corvette enthusiast would want including shirts, jackets, hats, bags and much more. If you aren\'t sure which gift to buy choose a Zip gift card instead.",No,Products only,,Yes,,,No layout updates,
Stocking Stuffers,Default/Corvette GIfts,1,Yes,stocking-stuffers,,corvette-gifts-corvette-stocking-stuffers-category-1.jpg,Corvette Stocking Stuffers,,Corvette Stocking Stuffers make great gifts for enthusiasts during the holidays and throughout the year. Zip has a number of popular Corvette gift ideas ready to ship today.,Yes,Products only,,Yes,,,No layout updates,
Books & Calendars,Default/Corvette GIfts,2,Yes,books-calendars,,corvette-gifts-books-calendars-category.jpg,Corvette Books & Calendars,,Corvette Books & Calendars make great gifts for enthusiasts during the holidays and throughout the year. Zip has a number of popular Corvette gift ideas ready to ship today.,Yes,Products only,,Yes,,,No layout updates,
Apparel,Default/Corvette GIfts,3,Yes,apparel,,corvette-gifts-corvette-apparel-category.jpg,Corvette Apparel,,Corvette Apparel make great gifts for enthusiasts during the holidays and throughout the year. Zip has a number of popular Corvette gift ideas ready to ship today.,Yes,Products only,,Yes,,,No layout updates,
Man Cave,Default/Corvette GIfts,4,Yes,man-cave,,corvette-gifts-corvette-man-cave-category-1.jpg,Corvette Man Cave,,Corvette Man Cave make great gifts for enthusiasts during the holidays and throughout the year. Zip has a number of popular Corvette gift ideas ready to ship today.,Yes,Products only,,Yes,,,No layout updates,
Garage,Default/Corvette GIfts,5,Yes,garage,,corvette-gifts-corvette-garage-category.jpg,Corvette Garage,,Corvette Garage make great gifts for enthusiasts during the holidays and throughout the year. Zip has a number of popular Corvette gift ideas ready to ship today.,Yes,Products only,,Yes,,,No layout updates,
Popular Corvette Bolt-Ons,Default/Corvette GIfts,6,Yes,popular-corvette-bolt-ons,,corvette-gifts-popular-corvette-bolt-ons-category.jpg,Corvette Popular Corvette Bolt-Ons,,Corvette Popular Corvette Bolt-Ons make great gifts for enthusiasts during the holidays and throughout the year. Zip has a number of popular Corvette gift ideas ready to ship today.,Yes,Products only,,Yes,,,No layout updates,
Showfield & Stadium,Default/Corvette GIfts,7,Yes,showfield-stadium,,corvette-gifts-showfield-stadium-category.jpg,Corvette Showfield & Stadium,,Corvette Showfield & Stadium make great gifts for enthusiasts during the holidays and throughout the year. Zip has a number of popular Corvette gift ideas ready to ship today.,Yes,Products only,,Yes,,,No layout updates,
Duffel & Tote Bags,Default/Corvette GIfts,8,Yes,duffel-tote-bags,,corvette-gifts-duffel-tote-bags-category.jpg,Corvette Duffel & Tote Bags,,Corvette Duffel & Tote Bags make great gifts for enthusiasts during the holidays and throughout the year. Zip has a number of popular Corvette gift ideas ready to ship today.,Yes,Products only,,Yes,,,No layout updates,
Die Cast & Collectables,Default/Corvette GIfts,9,Yes,die-cast-collectables,,corvette-gifts-die-cast-collectables-category.jpg,Corvette Die Cast & Collectables,,Corvette Die Cast & Collectables make great gifts for enthusiasts during the holidays and throughout the year. Zip has a number of popular Corvette gift ideas ready to ship today.,Yes,Products only,,Yes,,,No layout updates,
Car Covers,Default/Corvette GIfts,10,Yes,car-covers,,corvette-gifts-car-covers-category.jpg,Corvette Car Covers,,Corvette Car Covers make great gifts for enthusiasts during the holidays and throughout the year. Zip has a number of popular Corvette gift ideas ready to ship today.,Yes,Products only,,Yes,,,No layout updates,
Car Care & Cleaners,Default/Corvette GIfts,11,Yes,car-care-cleaners,,corvette-gifts-car-care-cleaners-category.jpg,Corvette Car Care & Cleaners,,Corvette Car Care & Cleaners make great gifts for enthusiasts during the holidays and throughout the year. Zip has a number of popular Corvette gift ideas ready to ship today.,Yes,Products only,,Yes,,,No layout updates,
Gift Cards,Default/Corvette GIfts,12,Yes,gift-cards,,corvette-gift-cards-category.jpg,Corvette Gift Cards,,Corvette Gift Cards make great gifts for enthusiasts during the holidays and throughout the year. Zip has a number of popular Corvette gift ideas ready to ship today.,Yes,Products only,,Yes,,,No layout updates,
Gifts Under $25,Default/Corvette GIfts,13,Yes,gifts-under-25,,under-25.jpg,Corvette Gifts Under $25,,,Yes,Products only,,Yes,,,No layout updates,
Gifts Over $25 & Under $50,Default/Corvette GIfts,14,Yes,gifts-over-25-under-50,,under-50.jpg,Corvette Gifts Over $25 and Under $50,,,Yes,Products only,,Yes,,,No layout updates,
Gifts Over $50,Default/Corvette GIfts,15,Yes,gifts-over-50,,under-100.jpg,Corvette Gifts Over $50,,,Yes,Products only,,Yes,,,No layout updates,
Jewelery,Default/Corvette GIfts/Stocking Stuffers,1,Yes,jewelery,,corvette-gifts-corvette-accessories-jewelry-category.jpg,Corvette Jewelery,,Corvette Jewelery make great gifts for enthusiasts during the holidays and throughout the year. Zip has a number of popular Corvette gift ideas ready to ship today.,Yes,Products only,,Yes,,,No layout updates,
Key Chains,Default/Corvette GIfts/Stocking Stuffers,2,Yes,key-chains,,corvette-gifts-corvette-key-chains-category.jpg,Corvette Key Chains,,Corvette Key Chains make great gifts for enthusiasts during the holidays and throughout the year. Zip has a number of popular Corvette gift ideas ready to ship today.,Yes,Products only,,Yes,,,No layout updates,
Cell Phone Covers,Default/Corvette GIfts/Stocking Stuffers,3,Yes,cell-phone-covers,,corvette-gifts-corvette-cell-phone-covers-category.jpg,Corvette Cell Phone Covers,,Corvette Cell Phone Covers make great gifts for enthusiasts during the holidays and throughout the year. Zip has a number of popular Corvette gift ideas ready to ship today.,Yes,Products only,,Yes,,,No layout updates,
Checkbook Covers & Wallets,Default/Corvette GIfts/Stocking Stuffers,4,Yes,checkbook-covers-wallets,,corvette-gifts-corvette-checkbook-covers-wallets-category.jpg,Corvette Checkbook Covers & Wallets,,Corvette Checkbook Covers & Wallets make great gifts for enthusiasts during the holidays and throughout the year. Zip has a number of popular Corvette gift ideas ready to ship today.,Yes,Products only,,Yes,,,No layout updates,
Valve Stem Caps,Default/Corvette GIfts/Stocking Stuffers,5,Yes,valve-stem-caps,,corvette-gifts-corvette-valve-stem-caps-category.jpg,Corvette Valve Stem Caps,,Corvette Valve Stem Caps make great gifts for enthusiasts during the holidays and throughout the year. Zip has a number of popular Corvette gift ideas ready to ship today.,Yes,Products only,,Yes,,,No layout updates,
Sunglasses,Default/Corvette GIfts/Stocking Stuffers,6,Yes,sunglasses,,corvette-gifts-corvette-sunglasses-category.jpg,Corvette Sunglasses,,Corvette Sunglasses make great gifts for enthusiasts during the holidays and throughout the year. Zip has a number of popular Corvette gift ideas ready to ship today.,Yes,Products only,,Yes,,,No layout updates,
Hats,Default/Corvette GIfts/Apparel,1,Yes,hats,,corvette-gifts-corvette-hats-category.jpg,Corvette Hats,,Corvette Hats make great gifts for enthusiasts during the holidays and throughout the year. Zip has a number of popular Corvette gift ideas ready to ship today.,Yes,Products only,,Yes,,,No layout updates,
Jackets,Default/Corvette GIfts/Apparel,2,Yes,jackets,,corvette-gifts-corvette-jackets-category.jpg,Corvette Jackets,,Corvette Jackets make great gifts for enthusiasts during the holidays and throughout the year. Zip has a number of popular Corvette gift ideas ready to ship today.,Yes,Products only,,Yes,,,No layout updates,
T-Shirts,Default/Corvette GIfts/Apparel,3,Yes,t-shirts,,corvette-gifts-corvette-t-shirts-category.jpg,Corvette T-Shirts,,Corvette T-Shirts make great gifts for enthusiasts during the holidays and throughout the year. Zip has a number of popular Corvette gift ideas ready to ship today.,Yes,Products only,,Yes,,,No layout updates,
Sweatshirts & Pullovers,Default/Corvette GIfts/Apparel,5,Yes,sweatshirts-pullovers,,corvette-gifts-corvette-sweatshirts-pullovers-category.jpg,Corvette Sweatshirts & Pullovers,,Corvette Sweatshirts & Pullovers make great gifts for enthusiasts during the holidays and throughout the year. Zip has a number of popular Corvette gift ideas ready to ship today.,Yes,Products only,,Yes,,,No layout updates,
Polos & Camp Shirts,Default/Corvette GIfts/Apparel,6,Yes,polos-camp-shirts,,corvette-gifts-corvette-polos-camp-shirts-category.jpg,Corvette Polos & Camp Shirts,,Corvette Polos & Camp Shirts make great gifts for enthusiasts during the holidays and throughout the year. Zip has a number of popular Corvette gift ideas ready to ship today.,Yes,Products only,,Yes,,,No layout updates,
Ladies Only,Default/Corvette GIfts/Apparel,7,Yes,ladies-only,,corvette-gifts-corvette-ladies-only-category.jpg,Corvette Ladies Only,,Corvette Ladies Only make great gifts for enthusiasts during the holidays and throughout the year. Zip has a number of popular Corvette gift ideas ready to ship today.,Yes,Products only,,Yes,,,No layout updates,
Kids Apparel,Default/Corvette GIfts/Apparel,8,Yes,kids-apparel,,corvette-gifts-corvette-kids-apparel-category.jpg,Corvette Kids Apparel,,Corvette Kids Apparel make great gifts for enthusiasts during the holidays and throughout the year. Zip has a number of popular Corvette gift ideas ready to ship today.,Yes,Products only,,Yes,,,No layout updates,
Stools & Tables,Default/Corvette GIfts/Man Cave,1,Yes,stools-tables,,corvette-gifts-stools-tables-category_1.jpg,Corvette Stools & Tables,,Corvette Stools & Tables make great gifts for enthusiasts during the holidays and throughout the year. Zip has a number of popular Corvette gift ideas ready to ship today.,Yes,Products only,,Yes,,,No layout updates,
Neon & Clocks,Default/Corvette GIfts/Man Cave,2,Yes,neon-clocks,,corvette-gifts-corvette-neon-clocks-category.jpg,Corvette Neon & Clocks,,Corvette Neon & Clocks make great gifts for enthusiasts during the holidays and throughout the year. Zip has a number of popular Corvette gift ideas ready to ship today.,Yes,Products only,,Yes,,,No layout updates,
Posters,Default/Corvette GIfts/Man Cave,3,No,posters,,,Corvette Posters,,Corvette Posters make great gifts for enthusiasts during the holidays and throughout the year. Zip has a number of popular Corvette gift ideas ready to ship today.,Yes,Products only,,Yes,,,No layout updates,
Mugs & Cups,Default/Corvette GIfts/Man Cave,4,Yes,mugs-cups,,corvette-gifts-corvette-mugs-cups-category.jpg,Corvette Mugs & Cups,,Corvette Mugs & Cups make great gifts for enthusiasts during the holidays and throughout the year. Zip has a number of popular Corvette gift ideas ready to ship today.,Yes,Products only,,Yes,,,No layout updates,
Computer Accessories,Default/Corvette GIfts/Man Cave,5,Yes,computer-accessories,,corvette-gifts-corvette-computer-accessories-category.jpg,Corvette Computer Accessories,,Corvette Computer Accessories make great gifts for enthusiasts during the holidays and throughout the year. Zip has a number of popular Corvette gift ideas ready to ship today.,Yes,Products only,,Yes,,,No layout updates,
Fender Covers & Protection,Default/Corvette GIfts/Garage,1,Yes,fender-covers-protection,,corvette-gifts-fender-covers-protection-category.jpg,Corvette Fender Covers & Protection,,Corvette Fender Covers & Protection make great gifts for enthusiasts during the holidays and throughout the year. Zip has a number of popular Corvette gift ideas ready to ship today.,Yes,Products only,,Yes,,,No layout updates,
Race Ramps & Vehicle Lift,Default/Corvette GIfts/Garage,2,Yes,race-ramps-vehicle-lift,,corvette-gifts-race-ramps-vehicle-lift-category.jpg,Corvette Race Ramps & Vehicle Lift,,Corvette Race Ramps & Vehicle Lift make great gifts for enthusiasts during the holidays and throughout the year. Zip has a number of popular Corvette gift ideas ready to ship today.,Yes,Products only,,Yes,,,No layout updates,
Floor Mats,Default/Corvette GIfts/Popular Corvette Bolt-Ons,1,Yes,floor-mats,,corvette-gifts-corvette-floor-mats-category.jpg,Corvette Floor Mats,,Corvette Floor Mats make great gifts for enthusiasts during the holidays and throughout the year. Zip has a number of popular Corvette gift ideas ready to ship today.,Yes,Products only,,Yes,,,No layout updates,
Stainless Accessories,Default/Corvette GIfts/Popular Corvette Bolt-Ons,2,Yes,stainless-accessories,,corvette-stainless-accessories-category.jpg,Corvette Stainless Accessories,,Corvette Stainless Accessories make great gifts for enthusiasts during the holidays and throughout the year. Zip has a number of popular Corvette gift ideas ready to ship today.,Yes,Products only,,Yes,,,No layout updates,
Spoilers & Side Skirts,Default/Corvette GIfts/Popular Corvette Bolt-Ons,3,Yes,spoilers-side-skirts,,corvette-gifts-stainless-accessories-category.jpg,Corvette Spoilers & Side Skirts,,Corvette Spoilers & Side Skirts make great gifts for enthusiasts during the holidays and throughout the year. Zip has a number of popular Corvette gift ideas ready to ship today.,Yes,Products only,,Yes,,,No layout updates,
License Plate Frames,Default/Corvette GIfts/Popular Corvette Bolt-Ons,4,Yes,license-plate-frames,,corvette-gifts-corvette-license-plate-frames-category.jpg,Corvette License Plate Frames,,Corvette License Plate Frames make great gifts for enthusiasts during the holidays and throughout the year. Zip has a number of popular Corvette gift ideas ready to ship today.,Yes,Products only,,Yes,,,No layout updates,
